{
  "mean": [
    -8.778883161512004,
    -6.031958762886612,
    -10.956494845360814,
    49.45515463917528,
    -34.03637457044674,
    -43.28817869415807,
    -20.343419243986283,
    0.4204968482098338,
    0.26158565496152225,
    0.003436426116838488,
    0.03608247422680412,
    4.924536082474223,
    17.628333333333334,
    0.03608247422680412,
    0.4020618556701031,
    2.0133226121605716,
    0.808564064801178,
    1663762506.8504875,
    -1.7836085164465636,
    0.7061855670103093,
    1.235395226270519,
    -0.23592642134725458
  ],
  "scale": [
    191.58635008203512,
    192.1207825552302,
    191.16443698407681,
    202.87392172405433,
    186.70051133311134,
    234.3773248427904,
    190.14096758488498,
    0.10855538833941898,
    0.1610515912111223,
    0.05852022806160297,
    0.18649538675387012,
    1.6567755421757226,
    3.5123227556345107,
    0.18649538675387012,
    0.49031430724099395,
    0.8802366895996051,
    2.798557104056089,
    8599300318.193737,
    9.657079721581812,
    0.45550797134258286,
    0.9695834707911234,
    3.413752098847835
  ],
  "features": [
    "temp_avg",
    "temp_max",
    "temp_min",
    "humidity",
    "wind_speed",
    "solar_radiation",
    "precipitation",
    "soilMoisture",
    "ndvi",
    "heat_stress",
    "cold_stress",
    "temp_range",
    "growing_degree_days",
    "drought_index",
    "flood_risk",
    "water_stress",
    "humidity_stress",
    "vpd",
    "radiation_efficiency",
    "vegetation_stress",
    "crop_vigor",
    "crop_suitability"
  ]
}